outcome,tone,spec,n,coef,se,t,p,r2_within
aret_1m,fb_net_sentiment,tone + controls,366,-0.004866621689214371,0.004987042810856213,-0.9758532007425926,0.3291372164750689,0.15625224052603726
aret_3m,fb_net_sentiment,tone + controls,366,0.014020390020031583,0.013257388164505866,1.0575529543268944,0.2902593004448175,0.18177842449611537
aret_6m,fb_net_sentiment,tone + controls,366,0.031971317817412075,0.01942279228696509,1.6460721684630526,0.09974890166899932,0.23093792604875774
fwd_vol,fb_net_sentiment,tone + controls,366,-0.003250011443591789,0.005348900970189921,-0.6076035921593053,0.5434504177984949,0.549888376380247
vol_change,fb_net_sentiment,tone + controls,366,-0.003250011443591754,0.0053489009701899095,-0.6076035921593,0.5434504177984985,0.5733941267766793
aret_1m,fb_pct_negative,tone + controls,366,0.005292221168351146,0.004724437552536302,1.1201801504414066,0.2626370008284551,0.1571372713704977
aret_3m,fb_pct_negative,tone + controls,366,-0.008732723430304495,0.010365088279669234,-0.8425131744833696,0.39950076848994664,0.17946425936136357
aret_6m,fb_pct_negative,tone + controls,366,-0.016187073677176325,0.015349550842570045,-1.0545633447646896,0.29162507550935624,0.22397189708389076
fwd_vol,fb_pct_negative,tone + controls,366,0.007122997089697408,0.003954701401053753,1.8011466271004541,0.07167977219482644,0.5503851864491611
vol_change,fb_pct_negative,tone + controls,366,0.007122997089697471,0.0039547014010537385,1.8011466271004766,0.07167977219482288,0.5738649924067885
aret_1m,lm_neg_frac,tone + controls,366,0.0022189475403646803,0.0027751721366197227,0.7995711368979989,0.42395931582481283,0.15443249067349174
aret_3m,lm_neg_frac,tone + controls,366,-0.009721686161287305,0.008947154070730101,-1.0865674251761266,0.27722802777173594,0.17954184320246214
aret_6m,lm_neg_frac,tone + controls,366,-0.024844855922382753,0.013757980666187442,-1.8058504750950244,0.07094169871400251,0.22689792908970485
fwd_vol,lm_neg_frac,tone + controls,366,0.011878603188084692,0.006816387920505144,1.7426536351241584,0.08139413511391691,0.5511910428122728
vol_change,lm_neg_frac,tone + controls,366,0.011878603188084574,0.006816387920505048,1.7426536351241655,0.0813941351139157,0.5746287653009724
aret_1m,d_fb_net_sentiment,tone + controls,321,0.0015730037938431066,0.005174594762815008,0.3039858898994023,0.7611386410270935,0.18120448783157705
aret_3m,d_fb_net_sentiment,tone + controls,321,0.01229771320509926,0.008346684786418855,1.4733649969757148,0.1406526432982668,0.2299765679495812
aret_6m,d_fb_net_sentiment,tone + controls,321,0.019759250156883,0.011799917913752029,1.6745243739242364,0.09402758825161282,0.2640162091632037
fwd_vol,d_fb_net_sentiment,tone + controls,321,-0.004384290638344122,0.006768396058046516,-0.6477591737752872,0.5171407249100188,0.5604305458575671
vol_change,d_fb_net_sentiment,tone + controls,321,-0.0043842906383440945,0.006768396058046512,-0.6477591737752835,0.5171407249100213,0.5949590922667691
aret_1m,d_lm_neg_frac,tone + controls,321,-0.0007944055352678942,0.003622402696123854,-0.2193034849819283,0.8264136473548607,0.18073962093030393
aret_3m,d_lm_neg_frac,tone + controls,321,-0.00822639329523577,0.00936950101551315,-0.8779969479287394,0.3799453750218661,0.22547152869429654
aret_6m,d_lm_neg_frac,tone + controls,321,-0.016829155683138492,0.013368401664146613,-1.2588756760857545,0.20807524080730766,0.26168378693048044
fwd_vol,d_lm_neg_frac,tone + controls,321,0.007238567525064578,0.006146747214584955,1.177625705493299,0.2389458573156923,0.5614589134732298
vol_change,d_lm_neg_frac,tone + controls,321,0.007238567525064508,0.006146747214584948,1.1776257054932888,0.2389458573156963,0.5959066807504689
