tone,outcome,T1_low,T2,T3_high,high_minus_low,hml_se,hml_t
fb_net_sentiment,aret_1m,0.004094178910918258,-0.0031171882758759192,-0.0014848659630956028,-0.0055790448740138604,0.007049688081271617,-0.7913888968840046
fb_net_sentiment,aret_3m,-0.0023461642478288264,0.011976957453088586,0.011893027321120558,0.014239191568949384,0.01401071422355513,1.0163073303579437
fb_net_sentiment,aret_6m,0.00841632697814958,0.018485683402942765,0.023583722050775167,0.015167395072625586,0.020370316866146633,0.7445831683567099
fb_net_sentiment,fwd_vol,0.2783381330257649,0.29801439279580655,0.24355347615607764,-0.034784656869687236,0.018494282518847143,-1.8808329998332678
fb_pct_negative,aret_1m,-0.007588436193854168,0.0020703624272170626,0.005070824016779256,0.012659260210633422,0.007063976065755669,1.7920870757196143
fb_pct_negative,aret_3m,0.010955690029875207,0.012187659519090408,-0.0014018108901523404,-0.012357500920027548,0.013311468356488183,-0.9283349206178552
fb_pct_negative,aret_6m,0.01411873341213196,0.027929866398496667,0.008968928799686452,-0.005149804612445508,0.020209583443563606,-0.254819928714841
fb_pct_negative,fwd_vol,0.25720236106570504,0.28766375643619535,0.27422445195951595,0.017022090893810904,0.020325051292936467,0.837493133398712
lm_neg_frac,aret_1m,0.0037519527395008666,-0.002394068206831987,-0.0018372108914141048,-0.005589163630914972,0.00728079189152216,-0.7676587539087691
lm_neg_frac,aret_3m,0.025068873540727992,-0.000359257497447966,-0.0033356956272599103,-0.028404569167987902,0.015489923056508939,-1.8337450137334392
lm_neg_frac,aret_6m,0.021287126626082457,0.004863251400693442,0.02389790914948513,0.0026107825234026744,0.023090244914040433,0.11306863712888301
lm_neg_frac,fwd_vol,0.2385410148994961,0.26667957312549867,0.3125947643098856,0.07405374941038947,0.021154324223653324,3.500643586032761
