fiscal_year,n,fb_net,fb_pct_neg,lm_neg,section_chars
2014,37,-0.26861992956451614,0.40943316302338856,0.09205792631904379,52765.0
2015,38,-0.27801637957605146,0.41298476454293626,0.09257446962094713,49225.5
2016,39,-0.26544977200052217,0.40483452367014006,0.09073010663125262,49599.0
2017,38,-0.30276984514960015,0.4424823010297184,0.09187412004751369,52641.0
2018,36,-0.29861601405909366,0.43996188996188995,0.09218082876882976,54019.0
2019,39,-0.3265295738938963,0.45921923923161545,0.09470059147778734,54904.0
2020,37,-0.33872805001347206,0.48239457945340297,0.09447889475498482,64201.0
2021,38,-0.3238276032402114,0.46296992481203003,0.09223027911889843,68188.5
2022,38,-0.3178628934715548,0.4651665114112716,0.09434792272066128,69914.5
2023,36,-0.32973279315133197,0.46388888888888885,0.09686928838456584,68131.5
